<?xml version="1.0"?> 
<!DOCTYPE yocoaDescriptor PUBLIC "-//Yospace//DTD YoCOA Deployment Descriptor version 1.1//EN" "http://www.yospace.com/dtd/yocoaDeployment_1.1.dtd">

<!--
COPYRIGHT 1999-2001 YOSPACE HOLDINGS LTD. ALL RIGHTS RESERVED.
-->

<!-- 
Deployment descriptor for the ComplexMaths service.
-->
<yocoaDescriptor>
	<servant classname="ComplexMaths">
		<!-- 
		The ComplexMaths servant has two methods:
			Complex add(Complex a, Complex b);
			Complex subtract(Complex a, Complex b);
		-->
		<method name="add">
			<ret>
				<obj
                    classname="Complex"
                    typeStreamer="ComplexStreamer"
                    />
			</ret>
			<arg>
				<obj
                    classname="Complex"
                    typeStreamer="ComplexStreamer"
                    />
			</arg>
			<arg>
                <obj
                    classname="Complex"
                    typeStreamer="ComplexStreamer"
                    />
			</arg>
		</method>
		<method name="subtract">
			<ret>
                <obj
                    classname="Complex"
                    typeStreamer="ComplexStreamer"
                    />
			</ret>
			<arg>
                <obj
                    classname="Complex"
                    typeStreamer="ComplexStreamer"
                    />
			</arg>
			<arg>
                <obj
                    classname="Complex"
                    typeStreamer="ComplexStreamer"
                    />
			</arg>
		</method>
	</servant>
</yocoaDescriptor>

