<?xml version='1.0' encoding='UTF-8'?>
<!DOCTYPE PaneletUI PUBLIC "-//Yospace//DTD YOGI PANELETUI 1.0b//EN" "http://www.yospace.com/dtd/yogi_panelet-ui_1.0.8.dtd">

<?import com.yospace.yae.yogi.*?>

<PaneletUI>
  <!-- Only declare a maximized Panelet for this example -->
  <YogiPaneletDisplay id="start" relevant-state="maximized">

    <!-- Add some menus to a menu bar.  We might programmatically associate action events with them later. -->
    <YogiMenuBar id="menuBar">
      
      <YogiMenu id="fileMenu" text="File" color="white;;" bounds="0,0,35,12" popup-bounds="0,0,60,60">
        <Item text="New"/>
        <Item text="Open"/>
        <YogiMenu id="workspaceMenu" text="Workspace" bounds="0,0,35,12" popup-bounds="0,0,50,45">
      	  <Item text="New"/>
      	  <YogiMenu id="openMenu" text="Open" bounds="0,0,35,12" popup-bounds="-50,45,30,60">
      	    <Item text="0"/>
      	    <Item text="1"/>
      	    <Item text="2"/>
      	  </YogiMenu>
      	  <Item text="Save As"/>
      	</YogiMenu>		
        <Item text="Close"/>
        <YogiLabel text="Exit" color="white;;"/>
      </YogiMenu>		
      
      <YogiMenu id="editMenu" text="Edit" bounds="35,0,35,12" popup-bounds="0,0,50,45">
        <Item text="Undo"/>
        <Item text="Paste"/>
        <Item text="Copy"/>
      </YogiMenu>
    </YogiMenuBar>
    
    <!-- Define the contents of the content pane. -->
    <YogiContentPane id="contentPane">
      
      <!-- We create a tabbed pane with two tab panels... --> 
      <YogiTabbedPane id="tabbedPane" bounds="0,0,120,133" winged="false" color="gray;light_gray;black" tab-placement="top">	
 	  
 	<!-- The first panel demostrates some of the core YoGI Widgets. -->
 	<YogiTabPanel id="tabPanel1" text="Tab 1" bounds="0,0,120,120">
 	  <YogiImageComponent id="imageComponent" image="/Yo.png" bounds="66,61,75,45" border="none" opaque="false"/>
 	  <!-- Add a button with an internationalized String on it. -->
 	  <YogiButton id="helloButton" text="$en.hello$" bounds="10,15,40,20" />
 	  <YogiCheckBox id="checkBox" selected="false" text="check me" location="3,45" />
	  <YogiTextField id="textField1" bounds ="15,64,30,20" max-size="4" string="abcd"/> 	  
 	  <YogiDropDownMenu id="ddMenu" bounds="5,92,55,15" popup-bounds="0,-60,55,45"/>
 	  <YogiRadioButton id="radioButton1" group="yogiRBG" selected="true" text="a" location="59,17"/>
 	  <YogiRadioButton id="radioButton2" group="yogiRBG" selected="false" text="b" location="85,17"/>
 	  <YogiSlider id="slider" min="0" max="100" value="33" bounds="66,43,50,10" orientation="horizontal"/>
 	</YogiTabPanel> 	  

        <!-- The second panel shows text areas, fonts and some other core YoGI widgets. --> 
     	<YogiTabPanel id="tabPanel2" text="Tab 2" bounds="0,0,120,120">
     	  <YogiTextArea id="textArea1" bounds ="7,7,105,12" font="/com/yospace/yae/fonts/demo10px.yaef" text="Demo 10 pixel font" breaking-style="word"/>
     	  <YogiTextArea id="textArea2" bounds ="7,21,105,15" font="/com/yospace/yae/fonts/demo14px.yaef" text="Demo 14 pixel font" breaking-style="word"/>
     	  <YogiTextArea id="textArea3" bounds ="7,38,105,15" font="/com/yospace/yae/fonts/demo16px.yaef" text="Demo 16 pixel font" breaking-style="word"/>
     	  <YogiTextArea id="textArea4" bounds ="7,55,105,15" font="/com/yospace/yae/fonts/demo19px.yaef" text="Demo 19 pixel font" breaking-style="word" auto-resize="true"/>
     	  <YogiSpin id="spin" bounds="5,100,50,14">
     	    <Item text="option 0"/>
     	    <Item text="option 1"/>
     	    <Item text="option 2"/>
     	    <Item text="option 3"/>
     	  </YogiSpin> 
	  <YogiProgressBar id="progressBar" bounds="60,103,27,10" value="66"/>
	  <YogiButton id="minusButton" text="-" location="90,100"/>
	  <YogiButton id="plusButton" text="+" location="103,100"/>
	</YogiTabPanel>

       </YogiTabbedPane>
     </YogiContentPane>

  </YogiPaneletDisplay>

</PaneletUI>
