<?xml version='1.0' encoding='UTF-8'?>
<!DOCTYPE Plaf PUBLIC "-//Yospace//DTD YOGI PLAF 1.0b//EN" "http://www.yospace.com/dtd/yogi_plaf_1.0.8.dtd">

<Plaf component-prefix="com.yospace.yae.yogi." ui-prefix="com.yospace.yae.standard.mono.plaf.">
	
	<Component model="YogiButton" ui="StandardButtonUI">
		<Keymap name="push" value="53"/>
	</Component>
	
	<Component model="YogiCheckBox" ui="StandardCheckBoxUI">
		<Keymap name="toggle" value="53"/>
	</Component>
	
	<Component model="YogiComponent" ui="StandardComponentUI"/>
	
	<Component model="YogiContentPane" ui="StandardComponentUI"/>
	
	<Component model="YogiDropDownMenu" ui="StandardDropDownMenuUI">
		<Keymap name="open" value="53"/>
		<Keymap name="close" value="53"/>
	</Component>
	
	<Component use-component-prefix="no" model="com.yospace.yae.midlet.simple.SimpleDashBar"
	           ui="StandardSimpleDashBarUI" />
	
	<!--Component model="YogiDashBar" ui="StandardDashBarUI"/-->
	
	<Component model="YogiDialog" ui="StandardDialogUI"/>
	
	<Component model="YogiImageComponent" ui="StandardImageComponentUI"/>
	
	<Component model="YogiLabel" ui="StandardLabelUI"/>
	
	<Component model="YogiLayeredPane" ui="StandardComponentUI"/>
	
	<Component model="YogiList" ui="StandardListUI">
		<Keymap name="up" value="56"/>
		<Keymap name="down" value="50"/>
		<Keymap name="toggle" value="53"/>
	</Component>
	
	<Component model="YogiMenu" ui="StandardMenuUI">
		<Keymap name="open" value="53"/>
		<Keymap name="close" value="53"/>
	</Component>
	
	<Component model="YogiMenuBar" ui="StandardMenuBarUI"/>
	
	<Component model="YogiPanel" ui="StandardPanelUI"/>
	
	<Component model="YogiPaneletDisplay" ui="StandardPaneletDisplayUI"/>
		
	<Component model="YogiPopup" ui="StandardPopupUI"/>
	
	<Component model="YogiPopupModalPane" ui="StandardComponentUI"/>
	
	<Component model="YogiProgressBar" ui="StandardProgressBarUI"/>
	
	<Component model="YogiRadioButton" ui="StandardRadioButtonUI">
		<Keymap name="toggle" value="53"/>
    </Component>
	
	<Component model="YogiRootWindow" ui="StandardRootWindowUI"/>

	<Component model="YogiScrollContentPane" ui="StandardScrollContentPaneUI"/>

	<Component model="YogiScrollPane" ui="StandardScrollPaneUI">
		<Keymap name="penetrate" value="53"/>
	</Component>

	<Component model="YogiScrollBar" ui="StandardScrollBarUI">
		<Keymap name="up" value="56"/>
		<Keymap name="down" value="50"/>
		<Keymap name="penetrate" value="53"/>
		<Keymap name="withdraw" value="53"/>
	</Component>

	<Component model="YogiSlider" ui="StandardSliderUI">
		<Keymap name="penetrate" value="53"/>
		<Keymap name="withdraw" value="53"/>
		<Keymap name="increase" value="50"/>
		<Keymap name="decrease" value="56"/>
	</Component>

	<Component model="YogiSpin" ui="StandardSpinUI">
		<Keymap name="penetrate" value="53"/>
		<Keymap name="withdraw" value="53"/>
		<Keymap name="increase" value="50"/>
		<Keymap name="decrease" value="56"/>
	</Component>

	<Component model="YogiTab" ui="StandardTabUI">
		<Keymap name="select" value="53"/>
	</Component>

	<Component model="YogiTabbedPane" ui="StandardTabbedPaneUI"/>

	<Component model="YogiTabPanel" ui="StandardComponentUI"/>

	<Component model="YogiTable" ui="StandardTableUI">
		<Keymap name="up" value="56"/>
		<Keymap name="down" value="50"/>
		<Keymap name="right" value="54"/>
		<Keymap name="left" value="52"/>
		<Keymap name="toggle" value="53"/>
	</Component>

	<Component model="YogiTextField" ui="StandardTextFieldUI">
		<Keymap name="penetrate" value="53"/>
	</Component>

	<Component model="YogiTextArea" ui="StandardTextAreaUI"/>

	<Component model="YogiTitleBar" ui="StandardTitleBarUI"/>

	<Component model="YogiWindow" ui="StandardWindowUI"/>

	<Component model="FocusManager">
		<Keymap name="up" value="56"/>
		<Keymap name="down" value="50"/>
    </Component>	    

	<Hotkey name="start" value="42"/>
	
	<SystemStringResource url="/com/yospace/yae/SystemStringResources.xmlc"/>
	
</Plaf>
