<?xml version="1.0"?> 
<!DOCTYPE yocoaDescriptor PUBLIC "-//Yospace//DTD YoCOA Deployment Descriptor version 1.1//EN" "http://www.yospace.com/dtd/yocoaDeployment_1.1.dtd">

<!--
COPYRIGHT 1999-2001 YOSPACE HOLDINGS LTD. ALL RIGHTS RESERVED.
-->

<!-- 
Deployment descriptor for the Maths service.
-->
<yocoaDescriptor>
	<servant classname="Maths">
		<!-- 
		The Maths servant has two methods:
			int add(int a, int b);
			int subtract(int a, int b);
		-->
		<method name="add">
			<ret>
				<int/>
			</ret>
			<arg>
				<int/>
			</arg>
			<arg>
				<int/>
			</arg>
            <condition classname="SimpleGuard">
                <initParam key="users" value="jim"/>
            </condition>
		</method>
		<method name="subtract">
			<ret>
				<int/>
			</ret>
			<arg>
				<int/>
			</arg>
			<arg>
				<int/>
			</arg>
		</method>
	</servant>
</yocoaDescriptor>

