<?xml version="1.0"?> 
<!DOCTYPE yocoaConfig PUBLIC "-//Yospace//DTD YoCOA Configuration Descriptor version 1.1//EN" "http://www.yospace.com/dtd/yocoaConfig_1.1.dtd">

<!--
COPYRIGHT 1999-2001 YOSPACE HOLDINGS LTD. ALL RIGHTS RESERVED.
-->

<!--
YoCOA configuration file.  This configuration file specifies the only
descriptor file (ex3-descriptor.xml), and defines a set of custom proxy
aliases to send.
-->
<yocoaConfig>
	<descriptorFileList>
		<descriptorFile name="/ex3-descriptor.xml"/>
	</descriptorFileList>

	<!--
	Custom proxies are defined for the:
	
		MathsManager	 	:	MathsManagerProxy
		FixedPointUtils		:	FixedPointUtilsProxy
		FloatingPointUtils	:	FloatingPointUtilsProxy
		
	The alias is set to the classname of the proxy - this example does not
	use the CustomProxyAliasPlugin.
	-->	
	<customProxyList>
		<customProxy servantClassname="MathsManager"
			     customProxyClassname="MathsManagerProxy"/>
		<customProxy servantClassname="FixedPointUtils"
			     customProxyClassname="FixedPointUtilsProxy"/>
		<customProxy servantClassname="FloatingPointUtils"
			     customProxyClassname="FloatingPointUtilsProxy"/>
	</customProxyList>
</yocoaConfig>


