<?xml version="1.0"?> 
<!DOCTYPE yocoaDescriptor PUBLIC "-//Yospace//DTD YoCOA Deployment Descriptor version 1.1//EN" "http://www.yospace.com/dtd/yocoaDeployment_1.1.dtd">

<!--
COPYRIGHT 1999-2001 YOSPACE HOLDINGS LTD. ALL RIGHTS RESERVED.
-->

<!-- 
Deployment descriptor for the MathsManager service.  This includes the FixedPointUtils
and FloatingPointUtils interfaces.
-->
<yocoaDescriptor>
	<servant classname="MathsManager">
		<!-- 
		The MathsManager servant has consists of the two methods:
			FixedPointUtils getFixedPointUtils();
			FloatingPointUtils getFloatingPointUtils();
		-->
		<method name="getFixedPointUtils">
			<ret>
				<obj classname="FixedPointUtils"/>
			</ret>
		</method>
		<method name="getFloatingPointUtils">
			<ret>
				<obj classname="FloatingPointUtils"/>
			</ret>
		</method>
	</servant>
	<servant classname="FixedPointUtils">
		<!--
		The FixedPointUtils interface consists of the two methods:
			int add(int a, int b);
			int subtract(int a, int b);
		-->
		<method name="add">
			<ret>
				<int/>
			</ret>
			<arg>
				<int/>
			</arg>
			<arg>
				<int/>
			</arg>
		</method>
		<method name="subtract">
			<ret>
				<int/>
			</ret>
			<arg>
				<int/>
			</arg>
			<arg>
				<int/>
			</arg>
		</method>
	</servant>
	<servant classname="FloatingPointUtils">
		<!--
		The FloatingPointUtils interface consists of the two methods:
			String add(String a, String b);
			String subtract(String a, String b);
		-->
		<method name="add">
			<ret>
				<pstring/>
			</ret>
			<arg>
				<pstring/>
			</arg>
			<arg>
				<pstring/>
			</arg>
		</method>
		<method name="subtract">
			<ret>
				<pstring/>
			</ret>
			<arg>
				<pstring/>
			</arg>
			<arg>
				<pstring/>
			</arg>
		</method>
	</servant>
</yocoaDescriptor>

