<hs:insertRequest hs:select="/m:myContacts"
	xmlns:hs="http://schemas.microsoft.com/hs/2001/10/core"
	xmlns:m="http://schemas.microsoft.com/hs/2001/10/myContacts"
	xmlns:mp="http://schemas.microsoft.com/hs/2001/10/myProfile"
xmlns:sys="http://schemas.microsoft.com/hs/2001/10/myCategories/system">
<m:contact synchronize="no">

<m:name>
   <mp:title xml:lang="en-us">Mr.</mp:title>
   <mp:givenName xml:lang="en-us">James</mp:givenName>
   <mp:middleName xml:lang="en-us">T.</mp:middleName>
   <mp:surname xml:lang="en-us">Kirk</mp:surname>
 </m:name>

<m:address>
   <hs:cat ref="system#friend" />
   <hs:officialAddressLine xml:lang="en-us">330 Bear Hill Rd.</hs:officialAddressLine>
   <hs:primaryCity xml:lang="en-us">Waltham</hs:primaryCity>
   <hs:postalCode>02451</hs:postalCode>
   <hs:countryCode>US</hs:countryCode>
   <hs:latitude>42:22:35 N</hs:latitude>
   <hs:longitude>071:14:10 W</hs:longitude>
   <hs:elevation>50</hs:elevation>
</m:address>

<m:emailAddress>
   <mp:email>jim@foobar.net</mp:email>
   <mp:name xml:lang="en-us">Jim Culbert</mp:name>
</m:emailAddress>

<m:telephoneNumber>
   <hs:cat ref="system#home" />
   <hs:countryCode>1</hs:countryCode>
   <hs:nationalCode>1</hs:nationalCode>
   <hs:number>781-555-1212</hs:number>
</m:telephoneNumber>

</m:contact>

</hs:insertRequest>