<?xml version='1.0' encoding='UTF-8'?>
<!DOCTYPE StringResources PUBLIC "-//Yospace//DTD YOGI STRINGRESOURCES 1.0b//EN" "http://www.yospace.com/dtd/yogi_string-resources_1.0.8.dtd">

<StringResources>
	<Resource name="startup.general" value="Problem starting YoGI: relevant message could not be found"/>
	<Resource name="startup.stage1" value="Internal problem initializing Toolkit"/>
	<Resource name="startup.stage2" value="Problem initializing Panelet Manager"/>
	<Resource name="startup.stage3" value="Problem initializing Dashboard"/>
	<Resource name="startup.stage4" value="Problem initializing Dash Bar"/>
	<Resource name="startup.stage5" value="Problem starting Panelet Manager"/>
	<Resource name="startup.stage6" value="Problem starting Dashboard"/>
	<Resource name="paneletbuild.general" value="Problem creating Panelet, String resources and UI"/>
	<Resource name="paneletbuild.stage1" value="Problem creating new Panelet with given name"/>
	<Resource name="paneletbuild.stage2" value="Problem generating String resources for new Panelet"/>
	<Resource name="paneletbuild.stage3" value="Problem generating UI for new Panelet"/>
	<Resource name="paneletbuild.stage4" value="Problem starting new Panelet"/>
	<Resource name="paneletbuild.xmlcfile" value="xmlc file not found in jar: "/>
	<Resource name="uibuild.baditematt" value="Missing &quot;text&quot; attribute in Item node"/>
	<Resource name="uibuild.misplaceditem" value="Item node must be inside a AbstractMenu subclass, AbstractTable subclass, or YogiSpin"/>
	<Resource name="uibuild.classnotfound" value="Could not find class named: "/>
	<Resource name="uibuild.repeatid" value="Multiple objects with ID: "/>
	<Resource name="uibuild.badpropval" value="Unable to set property (tag attribute_name attribute_value): "/>
	<Resource name="uibuild.valuereq" value="Value required"/>
	<Resource name="uibuild.nocurrpd" value="No current YogiPaneletDisplay at this point"/>
	<Resource name="uibuild.objnotyc" value="Parsed object is not a YogiComponent"/>
	<Resource name="uibuild.relpropprob" value="Invalid relative property"/>
	<Resource name="uibuild.badresstring" value="Unable to set resource String: "/>
	<Resource name="uibuild.noreses" value="Resource string specified, but no resources found"/>
	
	<Resource name="panelet.alreadyinit" value="Panelet is already initialized"/>
	<Resource name="panelet.invalidstate" value="Invalid state requested"/>
	<Resource name="panelet.nopm" value="Panelet has no Panelet Manager"/>
	
	<Resource name="pm.alreadyinit" value="Panelet Manager is already initialized"/>
	
	<Resource name="bis.closed" value="Stream closed"/>
	<Resource name="bis.buffunderone" value="Buffer size less than 1"/>
	
	<Resource name="colorutil.rangeerror" value="Color parameter outside of expected range: "/>
	<Resource name="colorutil.invalid" value="Invalid color: "/>
	
	<Resource name="yc.compnotfound" value="Component not found (check Java and XML names match): "/>
	<Resource name="yc.reflexivecomp" value="Adding component to itself: "/>
	<Resource name="yc.compischild" value="Adding component which already has a parent. Component: "/>
	<Resource name="yc.coloutofrange" value="Out of range color index (use 0-31): "/>
	<Resource name="yc.fdrootnotfdr" value="fdRoot is not a FDR!"/>
	
	<Resource name="custfont.nocodepage0" value="Font cannot find codepage 0: "/>
	<Resource name="custfont.nofont" value="Font cannot be found: "/>
	
	<Resource name="focman.rwalreadyset" value="Root Window already set"/>
	
	<Resource name="label.nulltext" value="Text cannot be null"/>
	
	<Resource name="lp.compnotwithin" value="Component not within Layered Pane: "/>
	<Resource name="lp.badsendbehind" value="Trying to perform sendBehind on two components 
					         which are neither both YogiPaneletDisplays nor both YogiPopups"/>
	<Resource name="lp.nopopuplayerswap" value="Cannot swap YogiPopups between different Panelet levels"/>					         
	<Resource name="lp.badbringinfront" value="Trying to perform bringInFrontOf on two components
						   which are neither both YogiPaneletDisplays nor both YogiPopups"/>
	
	<Resource name="nr.notinit" value="YogiNativeResources not yet initialized"/>
	
	<Resource name="yp.badtype" value="Invalid Dialog type"/>
	
	<Resource name="tk.notinit" value="Toolkit not yet initialized"/>
	
	<Resource name="xmlrdr.unexpeof" value="Unexpected end of file"/>
	
	<Resource name="focman.norw" value="Root Window not yet set"/>
	
	<Resource name="uiman.nouicomp" value="UIComponent cannot be instantiated. Type: "/>
	<Resource name="uiman.noui" value="Component has no UI: "/>
	<Resource name="uiman.nouibean" value="XML file UIConfig.xmlc not found in bean directory in jar"/>
	
	<Resource name="dialog.ok" value="Ok"/>
	<Resource name="dialog.cancel" value="Cancel"/>
	<Resource name="dialog.yes" value="Yes"/>
	<Resource name="dialog.no" value="No"/>	
	<Resource name="dashbar.exit" value="EXIT"/>
</StringResources>